<!DOCTYPE hibernate-configuration PUBLIC
        "-//Hibernate/Hibernate Configuration DTD 3.0//EN"
        "http://www.hibernate.org/dtd/hibernate-configuration-3.0.dtd">

<hibernate-configuration>
	<session-factory>
		<!-- JDBC Database connection settings -->
		<property name="connection.driver_class">org.postgresql.Driver</property>
		<property name="connection.url">jdbc:postgresql://localhost:5432/reservationSpringMvc</property>
		<property name="connection.username">postgres</property>
		<property name="connection.password">123456789</property>

		<!-- dbcp connection pool configuration -->
		<property name="hibernate.dbcp.initialSize">5</property>
		<!--property name="hibernate.dbcp.maxTotal">20</property> <property name="hibernate.dbcp.maxIdle">10</property> 
			<property name="hibernate.dbcp.minIdle">5</property> <property name="hibernate.dbcp.maxWaitMillis">-1</property -->

		<!-- Select our SQL dialect -->
		<!-- Type de la base de données -->
		<!-- <property name="dialect">org.hibernate.dialect.MySQL8Dialect</property> -->
		<property name="dialect">org.hibernate.dialect.PostgreSQL92Dialect</property>
		<!-- Echo the SQL to stdout -->
		<property name="show_sql">true</property>

		<!-- Set the current session context -->
		<property name="current_session_context_class">thread</property>
		<!-- Set the cache provider -->
<!--		<property name="cache.provider_class">-->
<!--			org.hibernate.cache.NoCacheProvider-->
<!--		</property>-->

		<!-- Drop and re-create the database schema on startup -->
		<property name="hbm2ddl.auto">update</property>


		<!-- Enities to map -->
		<mapping class="org.example.model.ReservationEntity" />
		<mapping class="org.example.model.TypereservationEntity" />
		<mapping class="org.example.model.ApprenantEntity" />
		<mapping class="org.example.model.AdministrateurEntity" />
		<mapping class="org.example.model.RolesEntity" />
		<mapping class="org.example.model.UtilisateurEntity" /> 

	</session-factory>

</hibernate-configuration>